"","storm_id","roof","pollutant","emc_ppm"
"1",1,"con","al",0
"2",1,"con","as",0.000132730977450641
"3",1,"con","b",0.00229347128813686
"4",1,"con","ba",0.0182936646612553
"5",1,"con","cd",0
"6",1,"con","co",3.00406592693691e-05
"7",1,"con","cr",0
"8",1,"con","cu",0.00440387805775928
"9",1,"con","fe",0.00622668511584278
"10",1,"con","mg",0.113244685312643
"11",1,"con","mn",0.00180724332728007
"12",1,"con","mo",0.000178073182807311
"13",1,"con","na",0.438413719979805
"14",1,"con","ni",0.000478503137548735
"15",1,"con","pb",0
"16",1,"con","sr",0.00784017838920631
"17",1,"con","ti",0
"18",1,"con","v",0.00046267768758834
"19",1,"con","zn",0.116791526629405
"20",1,"eco","al",0.03108869413
"21",1,"eco","as",0.001719208814
"22",1,"eco","b",0.0154502055
"23",1,"eco","ba",0.02420025167
"24",1,"eco","cd",0
"25",1,"eco","co",7.9388297e-05
"26",1,"eco","cr",0.000620474953
"27",1,"eco","cu",0.02694703836
"28",1,"eco","fe",0.03923025285
"29",1,"eco","mg",0.9516949118
"30",1,"eco","mn",0.001676824625
"31",1,"eco","mo",0.001427642023
"32",1,"eco","na",9.882359641
"33",1,"eco","ni",0.002885383516
"34",1,"eco","pb",0
"35",1,"eco","sr",0.07024397732
"36",1,"eco","ti",0.003306430066
"37",1,"eco","v",0.003606522395
"38",1,"eco","zn",0.3840632433
"39",2,"con","al",0
"40",2,"con","as",0
"41",2,"con","b",0.000888269722813
"42",2,"con","ba",0.00973716907494795
"43",2,"con","cd",0
"44",2,"con","co",1.55406269655262e-05
"45",2,"con","cr",0
"46",2,"con","cu",0.00213543134469681
"47",2,"con","fe",0.00313179217833708
"48",2,"con","mg",0.0513785434155444
"49",2,"con","mn",0.00102272669900364
"50",2,"con","mo",4.53238921451993e-05
"51",2,"con","na",0.229702529129322
"52",2,"con","ni",0.000143503953803223
"53",2,"con","pb",0
"54",2,"con","sr",0.00269905231441318
"55",2,"con","ti",0
"56",2,"con","v",0.000173744171891658
"57",2,"con","zn",0.0649284286915581
"58",2,"eco","al",0.0414627618738132
"59",2,"eco","as",0.00122167691529774
"60",2,"eco","b",0.0136370772312086
"61",2,"eco","ba",0.0157095593352049
"62",2,"eco","cd",0
"63",2,"eco","co",0.000237491008177276
"64",2,"eco","cr",0.000593056269962289
"65",2,"eco","cu",0.0171749239066876
"66",2,"eco","fe",0.0736478341248801
"67",2,"eco","mg",0.741394849665819
"68",2,"eco","mn",0.000382884342484604
"69",2,"eco","mo",0.000625274878913187
"70",2,"eco","na",3.37860142157219
"71",2,"eco","ni",0.00178899429041899
"72",2,"eco","pb",0
"73",2,"eco","sr",0.0368142418398184
"74",2,"eco","ti",0.00405689001089427
"75",2,"eco","v",0.00363693330700463
"76",2,"eco","zn",0.169271203312958
"77",3,"con","al",0
"78",3,"con","as",0.000217736985
"79",3,"con","b",0.00394081759
"80",3,"con","ba",0.02971298796
"81",3,"con","cd",1.182073e-05
"82",3,"con","co",8.5660193e-05
"83",3,"con","cr",6.71745130000001e-05
"84",3,"con","cu",0.005036261532
"85",3,"con","fe",0.006503108443
"86",3,"con","mg",0.1248815884
"87",3,"con","mn",0.009698011281
"88",3,"con","mo",0.000474897514
"89",3,"con","na",0.3844045635
"90",3,"con","ni",0.000450481496
"91",3,"con","pb",4.470203e-06
"92",3,"con","sr",0.0102395073
"93",3,"con","ti",0
"94",3,"con","v",0.000628046348
"95",3,"con","zn",0.1108394617
"96",3,"eco","al",0.06412133214
"97",3,"eco","as",0.001873897134
"98",3,"eco","b",0.01870799685
"99",3,"eco","ba",0.02635293279
"100",3,"eco","cd",4.13048e-06
"101",3,"eco","co",0.000513595296
"102",3,"eco","cr",0.00056006293
"103",3,"eco","cu",0.02614874832
"104",3,"eco","fe",0.1219750597
"105",3,"eco","mg",1.026281265
"106",3,"eco","mn",0.003855726174
"107",3,"eco","mo",0.00083472839
"108",3,"eco","na",7.289887345
"109",3,"eco","ni",0.001692380019
"110",3,"eco","pb",5.7746676e-05
"111",3,"eco","sr",0.05296152878
"112",3,"eco","ti",0.006431419984
"113",3,"eco","v",0.004336561344
"114",3,"eco","zn",0.1002716811
"115",4,"con","al",0
"116",4,"con","as",0
"117",4,"con","b",0
"118",4,"con","ba",0.0167265804354651
"119",4,"con","cd",0
"120",4,"con","co",3.1510983354974e-05
"121",4,"con","cr",0
"122",4,"con","cu",0.00163016029486228
"123",4,"con","fe",0.00179119534633746
"124",4,"con","mg",0.06451004405128
"125",4,"con","mn",0.00277744778042355
"126",4,"con","mo",0
"127",4,"con","na",0.263159365855754
"128",4,"con","ni",0
"129",4,"con","pb",0
"130",4,"con","sr",0.00404092142069504
"131",4,"con","ti",0
"132",4,"con","v",0.000108239904133078
"133",4,"con","zn",0.0646135438207686
"134",4,"eco","al",0.0380013129046676
"135",4,"eco","as",0.00158496648706418
"136",4,"eco","b",0.016532943486662
"137",4,"eco","ba",0.0194482710541108
"138",4,"eco","cd",1.54565188729293e-05
"139",4,"eco","co",0.000277487776912514
"140",4,"eco","cr",0.000501063633596577
"141",4,"eco","cu",0.0244438718615241
"142",4,"eco","fe",0.0701541001926497
"143",4,"eco","mg",0.758323012417857
"144",4,"eco","mn",0.000657358977937324
"145",4,"eco","mo",0.000706549695744857
"146",4,"eco","na",6.20654367922882
"147",4,"eco","ni",0.00162703835131951
"148",4,"eco","no3",0.126805918898764
"149",4,"eco","pb",5.83745417504957e-05
"150",4,"eco","po4",0.0200493314013807
"151",4,"eco","sr",0.0498129941955609
"152",4,"eco","ti",0.000543417498529709
"153",4,"eco","v",0.00424953854904298
"154",4,"eco","zn",0.097937144525763
"155",5,"con","al",0
"156",5,"con","as",0
"157",5,"con","b",0
"158",5,"con","ba",0.0103611107235906
"159",5,"con","cd",2.30932364659626e-05
"160",5,"con","co",1.5176321006056e-05
"161",5,"con","cr",0
"162",5,"con","cu",0
"163",5,"con","fe",0.00157608428342232
"164",5,"con","mg",0.0526632729246275
"165",5,"con","mn",0.000898551638782879
"166",5,"con","mo",3.74264400963194e-05
"167",5,"con","na",0.104215971431505
"168",5,"con","ni",0
"169",5,"con","pb",0
"170",5,"con","sr",0.00203200202576019
"171",5,"con","ti",0
"172",5,"con","v",0.000209711893372971
"173",5,"con","zn",0.0477797670194859
"174",6,"con","al",0
"175",6,"con","as",0
"176",6,"con","b",0
"177",6,"con","ba",0.00623557084
"178",6,"con","cd",0.000154780219
"179",6,"con","co",2.6223996e-05
"180",6,"con","cr",3.3337563e-05
"181",6,"con","cu",0
"182",6,"con","fe",0.001752141183
"183",6,"con","mg",0.01863464178
"184",6,"con","mn",0.000941527955
"185",6,"con","mo",3.947865e-05
"186",6,"con","na",0.05871408019
"187",6,"con","ni",0.001505234775
"188",6,"con","no3",0
"189",6,"con","pb",0
"190",6,"con","po4",0.0125316801665115
"191",6,"con","sr",0.001147866837
"192",6,"con","ti",0
"193",6,"con","v",9.02892280000001e-05
"194",6,"con","zn",0.03930959837
"195",6,"eco","al",0.066792744780871
"196",6,"eco","as",0.00092869101058299
"197",6,"eco","b",0.00231074957524402
"198",6,"eco","ba",0.0128005542390927
"199",6,"eco","cd",1.72193369625294e-05
"200",6,"eco","co",0.000179345994145561
"201",6,"eco","cr",0.000309481067263148
"202",6,"eco","cu",0.00943484349854391
"203",6,"eco","fe",0.0463990274774944
"204",6,"eco","mg",0.647482989675013
"205",6,"eco","mn",0.000376916391362533
"206",6,"eco","mo",0.000153593192052851
"207",6,"eco","na",2.99733252892406
"208",6,"eco","ni",0.00107867216625662
"209",6,"eco","no3",0.238736310459698
"210",6,"eco","pb",0
"211",6,"eco","po4",0.0270205184415622
"212",6,"eco","sr",0.0360808311451711
"213",6,"eco","ti",0.00220116047041997
"214",6,"eco","v",0.00262710446808202
"215",6,"eco","zn",0.0549221573193565
"216",7,"con","al",0
"217",7,"con","as",0
"218",7,"con","b",0
"219",7,"con","ba",0.00610827872084206
"220",7,"con","cd",0
"221",7,"con","co",1.09252942061734e-05
"222",7,"con","cr",0
"223",7,"con","cu",0
"224",7,"con","fe",0.000460969610106231
"225",7,"con","mg",0.0155808818181515
"226",7,"con","mn",0.00025996462880048
"227",7,"con","mo",9.15240369738126e-06
"228",7,"con","na",0.0504403420067745
"229",7,"con","ni",0
"230",7,"con","no3",0
"231",7,"con","pb",0
"232",7,"con","po4",0
"233",7,"con","sr",0.00141929337736596
"234",7,"con","ti",0
"235",7,"con","v",0
"236",7,"con","zn",0.0172323410818819
"237",7,"eco","al",0.03898301791
"238",7,"eco","as",0.000506744644
"239",7,"eco","b",0.003504456939
"240",7,"eco","ba",0.009682547615
"241",7,"eco","cd",0
"242",7,"eco","co",0.000202601806
"243",7,"eco","cr",0.000251864279
"244",7,"eco","cu",0.004861591492
"245",7,"eco","fe",0.04306816785
"246",7,"eco","mg",0.5544253429
"247",7,"eco","mn",0.001524096443
"248",7,"eco","mo",0.000180653882
"249",7,"eco","na",2.568988838
"250",7,"eco","ni",0.000620395496
"251",7,"eco","no3",0
"252",7,"eco","pb",0
"253",7,"eco","po4",0.001037517
"254",7,"eco","sr",0.03549423737
"255",7,"eco","ti",0.001981497563
"256",7,"eco","v",0.002597995309
"257",7,"eco","zn",0.02026448164
"258",8,"con","al",0
"259",8,"con","as",3.575768e-05
"260",8,"con","b",0
"261",8,"con","ba",0.0228003
"262",8,"con","cd",1.5122054e-05
"263",8,"con","co",0
"264",8,"con","cr",0
"265",8,"con","cu",0
"266",8,"con","fe",0.000213464076
"267",8,"con","mg",0.04791197312
"268",8,"con","mn",0.00033404005
"269",8,"con","mo",5.9697568e-05
"270",8,"con","na",0.1458550077
"271",8,"con","ni",0
"272",8,"con","no3",0.0079148
"273",8,"con","pb",0
"274",8,"con","po4",0.011271758
"275",8,"con","sr",0.003084831118
"276",8,"con","ti",0
"277",8,"con","v",8.081162e-06
"278",8,"con","zn",0.04369737914
"279",8,"eco","al",0.03288005578
"280",8,"eco","as",0.000514188119
"281",8,"eco","b",0.004046732732
"282",8,"eco","ba",0.01173889207
"283",8,"eco","cd",4.854462e-06
"284",8,"eco","co",0.000119054459
"285",8,"eco","cr",0.000116381789
"286",8,"eco","cu",0
"287",8,"eco","fe",0.02878016464
"288",8,"eco","mg",0.5981347104
"289",8,"eco","mn",6.8180175e-05
"290",8,"eco","mo",0.000171708924
"291",8,"eco","na",2.132825001
"292",8,"eco","ni",0
"293",8,"eco","no3",0
"294",8,"eco","pb",0
"295",8,"eco","po4",0
"296",8,"eco","sr",0.05119525144
"297",8,"eco","ti",0.001580071345
"298",8,"eco","v",0.002269118628
"299",8,"eco","zn",0.001406559051
"300",9,"con","al",0
"301",9,"con","as",0
"302",9,"con","b",0.000396171559
"303",9,"con","ba",0.03110280465
"304",9,"con","cd",0
"305",9,"con","co",6.78883100000001e-06
"306",9,"con","cr",0
"307",9,"con","cu",0
"308",9,"con","fe",0.004754663514
"309",9,"con","mg",0.08224897847
"310",9,"con","mn",0.000139489084
"311",9,"con","mo",0.000201762884
"312",9,"con","na",0.3006202972
"313",9,"con","ni",0
"314",9,"con","no3",0.1526696
"315",9,"con","pb",0
"316",9,"con","po4",0.005234238
"317",9,"con","sr",0.003824524441
"318",9,"con","ti",0
"319",9,"con","v",7.66299830000001e-05
"320",9,"con","zn",0.04819999801
"321",9,"eco","al",0.02657193962
"322",9,"eco","as",0.000429100491
"323",9,"eco","b",0.00456415809
"324",9,"eco","ba",0.01197208945
"325",9,"eco","cd",0
"326",9,"eco","co",9.68718940000001e-05
"327",9,"eco","cr",0.000101509675
"328",9,"eco","cu",0
"329",9,"eco","fe",0.03006621233
"330",9,"eco","mg",0.7108253373
"331",9,"eco","mn",0
"332",9,"eco","mo",0.0001063946
"333",9,"eco","na",2.481945225
"334",9,"eco","ni",0
"335",9,"eco","no3",0.0130118
"336",9,"eco","pb",0
"337",9,"eco","po4",0.031042026
"338",9,"eco","sr",0.04030102494
"339",9,"eco","ti",0
"340",9,"eco","v",0.002042105345
"341",9,"eco","zn",0
"342",10,"con","al",0.01179636981
"343",10,"con","as",0
"344",10,"con","b",0
"345",10,"con","ba",0.009070628424
"346",10,"con","cd",0
"347",10,"con","co",1.622015e-06
"348",10,"con","cr",2.392712e-05
"349",10,"con","cu",0
"350",10,"con","fe",0.000783999782
"351",10,"con","mg",0.01896260873
"352",10,"con","mn",0.001496559446
"353",10,"con","mo",4.3867274e-05
"354",10,"con","na",0.05693567206
"355",10,"con","ni",0
"356",10,"con","no3",0
"357",10,"con","pb",0
"358",10,"con","po4",0.036072196
"359",10,"con","sr",0.002507526571
"360",10,"con","ti",4.156482e-06
"361",10,"con","v",7.7254688e-05
"362",10,"con","zn",0.02807629145
"363",10,"eco","al",0.02659262848
"364",10,"eco","as",0.000611369836
"365",10,"eco","b",0.00222184018
"366",10,"eco","ba",0.008018881302
"367",10,"eco","cd",0
"368",10,"eco","co",0.000105264104
"369",10,"eco","cr",0.000186096623
"370",10,"eco","cu",0
"371",10,"eco","fe",0.0253824083
"372",10,"eco","mg",0.5442148299
"373",10,"eco","mn",0.00046536153
"374",10,"eco","mo",0.000133405796
"375",10,"eco","na",1.824085483
"376",10,"eco","ni",0
"377",10,"eco","no3",0.007603
"378",10,"eco","pb",0
"379",10,"eco","po4",0.033455426
"380",10,"eco","sr",0.03699427394
"381",10,"eco","ti",0.001840760411
"382",10,"eco","v",0.002063882742
"383",10,"eco","zn",2.6423659e-05
"384",11,"con","al",0
"385",11,"con","as",8.3762615e-05
"386",11,"con","b",0
"387",11,"con","ba",0.01239540241
"388",11,"con","cd",0
"389",11,"con","co",2.503975e-05
"390",11,"con","cr",1.4205688e-05
"391",11,"con","cu",0
"392",11,"con","fe",0.001276830695
"393",11,"con","mg",0.0591560715
"394",11,"con","mn",0.001937974975
"395",11,"con","mo",5.6414511e-05
"396",11,"con","na",0.4761289747
"397",11,"con","ni",0
"398",11,"con","no3",0
"399",11,"con","pb",0
"400",11,"con","po4",0
"401",11,"con","sr",0.002981786581
"402",11,"con","ti",0
"403",11,"con","v",2.8811593e-05
"404",11,"con","zn",0.04408598386
"405",12,"con","al",0.002077616247
"406",12,"con","as",0
"407",12,"con","b",0
"408",12,"con","ba",0.006466048134
"409",12,"con","cd",0
"410",12,"con","co",0
"411",12,"con","cr",0
"412",12,"con","cu",0
"413",12,"con","fe",0
"414",12,"con","mg",0.0104702949
"415",12,"con","mn",0
"416",12,"con","mo",0
"417",12,"con","na",0
"418",12,"con","ni",0
"419",12,"con","no3",0.0354386
"420",12,"con","pb",0
"421",12,"con","po4",0.00124419
"422",12,"con","sr",0.001083523786
"423",12,"con","ti",0.000319820809
"424",12,"con","v",0
"425",12,"con","zn",0.01782264083
"426",12,"eco","al",0.06221260465
"427",12,"eco","as",0.00079454193
"428",12,"eco","b",0.002417765639
"429",12,"eco","ba",0.01098551695
"430",12,"eco","cd",0
"431",12,"eco","co",4.5117362e-05
"432",12,"eco","cr",0
"433",12,"eco","cu",1.7597189e-05
"434",12,"eco","fe",0.02837253659
"435",12,"eco","mg",0.5726024142
"436",12,"eco","mn",0.000210357599
"437",12,"eco","mo",0.000224296109
"438",12,"eco","na",1.969792547
"439",12,"eco","ni",0
"440",12,"eco","no3",0
"441",12,"eco","pb",0
"442",12,"eco","po4",0.0392306303822315
"443",12,"eco","sr",0.03307923474
"444",12,"eco","ti",0.001779882383
"445",12,"eco","v",0.002062540453
"446",12,"eco","zn",0.004145339907
"447",13,"con","al",0.007979398436
"448",13,"con","as",0
"449",13,"con","b",0.000933740714
"450",13,"con","ba",0.009056234465
"451",13,"con","cd",0
"452",13,"con","co",0
"453",13,"con","cr",4.567044e-06
"454",13,"con","cu",0
"455",13,"con","fe",0.001278943642
"456",13,"con","mg",0.116091114
"457",13,"con","mn",0
"458",13,"con","mo",3.7628152e-05
"459",13,"con","na",1.911433894
"460",13,"con","ni",0
"461",13,"con","no3",0
"462",13,"con","pb",0
"463",13,"con","po4",0.00905714
"464",13,"con","sr",0.00303924463
"465",13,"con","ti",0
"466",13,"con","v",0
"467",13,"con","zn",0
"468",13,"eco","al",0.02758455228
"469",13,"eco","as",0.000554579224
"470",13,"eco","b",0.002994030919
"471",13,"eco","ba",0.01083629385
"472",13,"eco","cd",0
"473",13,"eco","co",2.2171125e-05
"474",13,"eco","cr",0.000117888829
"475",13,"eco","cu",0
"476",13,"eco","fe",0.02615929049
"477",13,"eco","mg",0.5864014253
"478",13,"eco","mn",0
"479",13,"eco","mo",0.000150617222
"480",13,"eco","na",1.919582333
"481",13,"eco","ni",0
"482",13,"eco","no3",0
"483",13,"eco","pb",0
"484",13,"eco","po4",0.081765861
"485",13,"eco","sr",0.03589855978
"486",13,"eco","ti",0.001670311674
"487",13,"eco","v",0.002129976293
"488",13,"eco","zn",0
"489",14,"con","al",0
"490",14,"con","as",0
"491",14,"con","b",0
"492",14,"con","ba",0.00525598852693377
"493",14,"con","cd",0
"494",14,"con","co",0
"495",14,"con","cr",0
"496",14,"con","cu",0
"497",14,"con","fe",0.000374077211595244
"498",14,"con","mg",0.00876570576588522
"499",14,"con","mn",0
"500",14,"con","mo",8.23168535653479e-06
"501",14,"con","na",0.045444028009287
"502",14,"con","ni",0
"503",14,"con","no3",0
"504",14,"con","pb",0
"505",14,"con","po4",0.00501183261565217
"506",14,"con","sr",0.000581889952007819
"507",14,"con","ti",0
"508",14,"con","v",0
"509",14,"con","zn",0
"510",15,"con","al",0
"511",15,"con","as",0
"512",15,"con","b",0
"513",15,"con","ba",0.00663934189424061
"514",15,"con","cd",0
"515",15,"con","co",0
"516",15,"con","cr",0
"517",15,"con","cu",0
"518",15,"con","fe",0
"519",15,"con","mg",0.0825408138907694
"520",15,"con","mn",0.000244196896216768
"521",15,"con","mo",0
"522",15,"con","na",0.592492740087336
"523",15,"con","ni",0
"524",15,"con","no3",0
"525",15,"con","pb",0
"526",15,"con","po4",0
"527",15,"con","sr",0.00168988446179072
"528",15,"con","ti",0
"529",15,"con","v",0
"530",15,"con","zn",0
"531",16,"eco","al",0.01822279723
"532",16,"eco","as",0.000446550553
"533",16,"eco","b",0.003167763604
"534",16,"eco","ba",0.01491670564
"535",16,"eco","cd",0
"536",16,"eco","co",0
"537",16,"eco","cr",0
"538",16,"eco","cu",0
"539",16,"eco","fe",0.01396954997
"540",16,"eco","mg",0.6591149057
"541",16,"eco","mn",0
"542",16,"eco","mo",0.000129227035
"543",16,"eco","na",1.41962762
"544",16,"eco","ni",0
"545",16,"eco","pb",0
"546",16,"eco","sr",0.03931494619
"547",16,"eco","ti",0.000500489404
"548",16,"eco","v",0.001872339577
"549",16,"eco","zn",0
"550",17,"eco","al",0
"551",17,"eco","as",0.000359500322
"552",17,"eco","b",0.001606637478
"553",17,"eco","ba",0.009233320396
"554",17,"eco","cd",0
"555",17,"eco","co",0
"556",17,"eco","cr",0
"557",17,"eco","cu",0
"558",17,"eco","fe",0.01441759346
"559",17,"eco","mg",0.7525738421
"560",17,"eco","mn",0
"561",17,"eco","mo",8.90680989999999e-05
"562",17,"eco","na",1.419858582
"563",17,"eco","ni",0
"564",17,"eco","no3",0.0068954
"565",17,"eco","pb",0
"566",17,"eco","po4",0.054603025
"567",17,"eco","sr",0.04781027925
"568",17,"eco","ti",0
"569",17,"eco","v",0.002108809142
"570",17,"eco","zn",0
"571",19,"con","al",0
"572",19,"con","as",0
"573",19,"con","b",0
"574",19,"con","ba",0.00677937881150959
"575",19,"con","cd",0
"576",19,"con","co",0
"577",19,"con","cr",0
"578",19,"con","cu",0
"579",19,"con","fe",0
"580",19,"con","mg",0.0144293309071918
"581",19,"con","mn",0
"582",19,"con","mo",0
"583",19,"con","na",0.0323388369976782
"584",19,"con","ni",0
"585",19,"con","no3",0
"586",19,"con","pb",0
"587",19,"con","po4",0
"588",19,"con","sr",0
"589",19,"con","ti",0
"590",19,"con","v",0
"591",19,"con","zn",0
"592",19,"eco","al",0
"593",19,"eco","as",0.000409818168637377
"594",19,"eco","b",0.00121568094428332
"595",19,"eco","ba",0.0104453271413752
"596",19,"eco","cd",0
"597",19,"eco","co",0
"598",19,"eco","cr",0
"599",19,"eco","cu",0
"600",19,"eco","fe",0.0154045597808247
"601",19,"eco","mg",0.598373081527843
"602",19,"eco","mn",0
"603",19,"eco","mo",0.0001480936142883
"604",19,"eco","na",1.17561464555188
"605",19,"eco","ni",0
"606",19,"eco","no3",0
"607",19,"eco","pb",0
"608",19,"eco","po4",0.055969545614235
"609",19,"eco","sr",0.0455403993406348
"610",19,"eco","ti",0
"611",19,"eco","v",0.00185395999770225
"612",19,"eco","zn",0
"613",20,"con","al",0.005744597494
"614",20,"con","as",6.8908904e-05
"615",20,"con","b",0.001085863201
"616",20,"con","ba",0.01582781397
"617",20,"con","cd",0
"618",20,"con","co",0
"619",20,"con","cr",0
"620",20,"con","cu",0
"621",20,"con","fe",0
"622",20,"con","mg",0.04875630399
"623",20,"con","mn",0
"624",20,"con","mo",6.6745074e-05
"625",20,"con","na",0.2098365407
"626",20,"con","ni",0
"627",20,"con","pb",0
"628",20,"con","sr",0.001066557084
"629",20,"con","ti",0
"630",20,"con","v",8.559545e-06
"631",20,"con","zn",0.009697401498
"632",21,"eco","al",0.0054634227282058
"633",21,"eco","as",0.000679630498754283
"634",21,"eco","b",0.0043330273931145
"635",21,"eco","ba",0.00884921129859771
"636",21,"eco","cd",0
"637",21,"eco","co",0
"638",21,"eco","cr",0
"639",21,"eco","cu",0
"640",21,"eco","fe",0.0167316434714245
"641",21,"eco","mg",0.622154142541443
"642",21,"eco","mn",0
"643",21,"eco","mo",0.000110836079368557
"644",21,"eco","na",1.26436092431516
"645",21,"eco","ni",0
"646",21,"eco","pb",0
"647",21,"eco","sr",0.0354694804412279
"648",21,"eco","ti",0
"649",21,"eco","v",0.00206627486554116
"650",21,"eco","zn",0
"651",22,"con","al",0
"652",22,"con","as",8.948654e-06
"653",22,"con","b",0
"654",22,"con","ba",0.009548440175
"655",22,"con","cd",0
"656",22,"con","co",0
"657",22,"con","cr",0
"658",22,"con","cu",0
"659",22,"con","fe",0.000404087213
"660",22,"con","mg",0.02756098179
"661",22,"con","mn",0
"662",22,"con","mo",4.058643e-06
"663",22,"con","na",0.0532400674
"664",22,"con","ni",0
"665",22,"con","pb",0
"666",22,"con","sr",0.002326614582
"667",22,"con","ti",0
"668",22,"con","v",3.5831614e-05
"669",22,"con","zn",0
"670",23,"con","al",0
"671",23,"con","as",0.000107708016
"672",23,"con","b",0.000839334224
"673",23,"con","ba",0.01191814613
"674",23,"con","cd",0
"675",23,"con","co",0
"676",23,"con","cr",0
"677",23,"con","cu",0
"678",23,"con","fe",0
"679",23,"con","mg",0.03404778326
"680",23,"con","mn",0.000260578573
"681",23,"con","mo",0
"682",23,"con","na",0.1684416555
"683",23,"con","ni",0
"684",23,"con","pb",0
"685",23,"con","sr",0.004563499609
"686",23,"con","ti",0
"687",23,"con","v",4.350654e-05
"688",23,"con","zn",0
"689",23,"eco","al",0.0262710409164128
"690",23,"eco","as",0.000503892993207762
"691",23,"eco","b",0.00430335707108083
"692",23,"eco","ba",0.00932720352035996
"693",23,"eco","cd",0
"694",23,"eco","co",0
"695",23,"eco","cr",0
"696",23,"eco","cu",0
"697",23,"eco","fe",0.0151941055210795
"698",23,"eco","mg",0.634792518904086
"699",23,"eco","mn",0
"700",23,"eco","mo",0.000122878665288789
"701",23,"eco","na",1.17523576657703
"702",23,"eco","ni",0
"703",23,"eco","pb",0
"704",23,"eco","sr",0.0380419030315766
"705",23,"eco","ti",0
"706",23,"eco","v",0.00167500718014957
"707",23,"eco","zn",0
"708",24,"con","al",0.01795925223
"709",24,"con","as",0
"710",24,"con","b",0.00053190388
"711",24,"con","ba",0.009240540648
"712",24,"con","cd",1.4710619e-05
"713",24,"con","co",6.83561900000001e-06
"714",24,"con","cr",0
"715",24,"con","cu",0
"716",24,"con","fe",0.01028004364
"717",24,"con","mg",0.02947616701
"718",24,"con","mn",0
"719",24,"con","mo",1.8453754e-05
"720",24,"con","na",0.01408477642
"721",24,"con","ni",0
"722",24,"con","no3",0.0290296
"723",24,"con","pb",0
"724",24,"con","po4",0.006585993
"725",24,"con","sr",0.001423263475
"726",24,"con","ti",0
"727",24,"con","v",0
"728",24,"con","zn",0.02587754404
"729",24,"eco","al",0.002982434406
"730",24,"eco","as",0.000569206734
"731",24,"eco","b",0.000429863461
"732",24,"eco","ba",0.01091308197
"733",24,"eco","cd",3.238502e-06
"734",24,"eco","co",6.1978483e-05
"735",24,"eco","cr",0.000142909091
"736",24,"eco","cu",0
"737",24,"eco","fe",0.0165791419
"738",24,"eco","mg",0.6424162176
"739",24,"eco","mn",0
"740",24,"eco","mo",0.000102341375
"741",24,"eco","na",1.44895881
"742",24,"eco","ni",0
"743",24,"eco","no3",0.0980128
"744",24,"eco","pb",0
"745",24,"eco","po4",0.105506008
"746",24,"eco","sr",0.03706170979
"747",24,"eco","ti",0.001549470112
"748",24,"eco","v",0.002046134445
"749",24,"eco","zn",0.02463407752
"750",25,"con","al",0
"751",25,"con","as",0
"752",25,"con","b",0
"753",25,"con","ba",0.00356697882902702
"754",25,"con","cd",1.64561829617643e-05
"755",25,"con","co",0
"756",25,"con","cr",0
"757",25,"con","cu",0
"758",25,"con","fe",0
"759",25,"con","mg",0
"760",25,"con","mn",0
"761",25,"con","mo",0
"762",25,"con","na",0
"763",25,"con","ni",0
"764",25,"con","no3",0
"765",25,"con","pb",0
"766",25,"con","po4",0
"767",25,"con","sr",0
"768",25,"con","ti",0
"769",25,"con","v",0
"770",25,"con","zn",0.00727060633326278
"771",25,"eco","al",0.0111195167165128
"772",25,"eco","as",0.000409219955270321
"773",25,"eco","b",0.00304415951611303
"774",25,"eco","ba",0.00877049688366493
"775",25,"eco","cd",0
"776",25,"eco","co",7.24458308844568e-05
"777",25,"eco","cr",0
"778",25,"eco","cu",0
"779",25,"eco","fe",0.0175850127352144
"780",25,"eco","mg",0.497022443883486
"781",25,"eco","mn",0
"782",25,"eco","mo",4.3889165543301e-05
"783",25,"eco","na",1.06513337726512
"784",25,"eco","ni",0
"785",25,"eco","no3",0
"786",25,"eco","pb",0
"787",25,"eco","po4",0.0620294536144365
"788",25,"eco","sr",0.0335840792338571
"789",25,"eco","ti",0
"790",25,"eco","v",0.00204626912376197
"791",25,"eco","zn",0.00925298451624564
"792",26,"con","al",0
"793",26,"con","as",0
"794",26,"con","b",0
"795",26,"con","ba",0
"796",26,"con","cd",0
"797",26,"con","co",0
"798",26,"con","cr",0
"799",26,"con","cu",0
"800",26,"con","fe",0
"801",26,"con","mg",0
"802",26,"con","mn",0
"803",26,"con","mo",0
"804",26,"con","na",0.0593404858414346
"805",26,"con","ni",0
"806",26,"con","pb",0
"807",26,"con","sr",0
"808",26,"con","ti",0
"809",26,"con","v",0
"810",26,"con","zn",0
"811",26,"eco","al",0.01918072084
"812",26,"eco","as",0.000420200608
"813",26,"eco","b",0.007830133163
"814",26,"eco","ba",0.01017727521
"815",26,"eco","cd",7.608307e-06
"816",26,"eco","co",4.5220872e-05
"817",26,"eco","cr",0
"818",26,"eco","cu",0
"819",26,"eco","fe",0.0149106947
"820",26,"eco","mg",0.6206258642
"821",26,"eco","mn",0
"822",26,"eco","mo",5.7753105e-05
"823",26,"eco","na",1.142206518
"824",26,"eco","ni",0
"825",26,"eco","pb",0
"826",26,"eco","sr",0.04445173931
"827",26,"eco","ti",0.00037470088
"828",26,"eco","v",0.002102490091
"829",26,"eco","zn",0.004525514433
"830",27,"con","al",0
"831",27,"con","as",8.3736618e-05
"832",27,"con","b",0
"833",27,"con","ba",0.0141389074
"834",27,"con","cd",2.0954181e-05
"835",27,"con","co",5.7858292e-05
"836",27,"con","cr",2.7760338e-05
"837",27,"con","cu",0
"838",27,"con","fe",0.004388168079
"839",27,"con","mg",0.2170296134
"840",27,"con","mn",0.001333451326
"841",27,"con","mo",5.0698913e-05
"842",27,"con","na",0.6682039598
"843",27,"con","ni",0
"844",27,"con","no3",0.484292
"845",27,"con","pb",0
"846",27,"con","po4",0.021397387
"847",27,"con","sr",0.003084050406
"848",27,"con","ti",0
"849",27,"con","v",7.6276202e-05
"850",27,"con","zn",0.05544764999
"851",27,"eco","al",0.01443672309
"852",27,"eco","as",0.000411850279
"853",27,"eco","b",0.005152159144
"854",27,"eco","ba",0.01009169601
"855",27,"eco","cd",1.1126287e-05
"856",27,"eco","co",3.7490676e-05
"857",27,"eco","cr",0
"858",27,"eco","cu",0
"859",27,"eco","fe",0.01414296317
"860",27,"eco","mg",0.688302523
"861",27,"eco","mn",8.4631063e-05
"862",27,"eco","mo",0.000109892756
"863",27,"eco","na",1.117707273
"864",27,"eco","ni",0
"865",27,"eco","pb",0
"866",27,"eco","sr",0.05200054555
"867",27,"eco","ti",0.000192876933
"868",27,"eco","v",0.002197828935
"869",27,"eco","zn",0.007885227342
"870",28,"eco","al",0.003988818914
"871",28,"eco","as",0.0002889351
"872",28,"eco","b",0.001023511036
"873",28,"eco","ba",0.00775758991
"874",28,"eco","cd",0
"875",28,"eco","co",7.2662115e-05
"876",28,"eco","cr",0.000124709279
"877",28,"eco","cu",0
"878",28,"eco","fe",0.01582348585
"879",28,"eco","mg",0.4591275086
"880",28,"eco","mn",0
"881",28,"eco","mo",0.000266820841
"882",28,"eco","na",0.9766713831
"883",28,"eco","ni",0
"884",28,"eco","pb",0
"885",28,"eco","sr",0.03387518866
"886",28,"eco","ti",0.000528018397
"887",28,"eco","v",0.001760460295
"888",28,"eco","zn",0
"889",29,"con","al",0.005744597494
"890",29,"con","as",6.8908904e-05
"891",29,"con","b",0.001085863201
"892",29,"con","ba",0.01582781397
"893",29,"con","cd",0
"894",29,"con","co",0
"895",29,"con","cr",0
"896",29,"con","cu",0
"897",29,"con","fe",0
"898",29,"con","mg",0.04875630399
"899",29,"con","mn",0
"900",29,"con","mo",6.6745074e-05
"901",29,"con","na",0.2098365407
"902",29,"con","ni",0
"903",29,"con","pb",0
"904",29,"con","sr",0.001066557084
"905",29,"con","ti",0
"906",29,"con","v",8.559545e-06
"907",29,"con","zn",0.009697401498
"908",30,"con","al",0
"909",30,"con","as",0
"910",30,"con","b",0
"911",30,"con","ba",0.00536783812944073
"912",30,"con","cd",0
"913",30,"con","co",1.62715044402476e-05
"914",30,"con","cr",0
"915",30,"con","cu",0
"916",30,"con","fe",0
"917",30,"con","mg",0.0285221260421523
"918",30,"con","mn",0
"919",30,"con","mo",0
"920",30,"con","na",0.207277044013054
"921",30,"con","ni",0
"922",30,"con","no3",0
"923",30,"con","pb",0
"924",30,"con","po4",0.00815631044303592
"925",30,"con","sr",0.000889019040492447
"926",30,"con","ti",0
"927",30,"con","v",0
"928",30,"con","zn",0.00595774632137855
"929",30,"eco","al",0.0129105630175377
"930",30,"eco","as",0.000382274020263463
"931",30,"eco","b",0
"932",30,"eco","ba",0.00752157509907831
"933",30,"eco","cd",0
"934",30,"eco","co",5.22021272727335e-05
"935",30,"eco","cr",0.000156044404851407
"936",30,"eco","cu",0
"937",30,"eco","fe",0.0147935813395242
"938",30,"eco","mg",0.463071869448601
"939",30,"eco","mn",0
"940",30,"eco","mo",9.14273971885897e-05
"941",30,"eco","na",0.958560571965376
"942",30,"eco","ni",0
"943",30,"eco","no3",0
"944",30,"eco","pb",0
"945",30,"eco","po4",0.0660910724917126
"946",30,"eco","sr",0.0308609158901208
"947",30,"eco","ti",0
"948",30,"eco","v",0.00170140817826426
"949",30,"eco","zn",0
"950",31,"con","al",0
"951",31,"con","as",2.3582469e-05
"952",31,"con","b",0
"953",31,"con","ba",0.0073955049
"954",31,"con","cd",0
"955",31,"con","co",0.003542924348
"956",31,"con","cr",0.000110322466
"957",31,"con","cu",0
"958",31,"con","fe",0.000439506403
"959",31,"con","mg",0.01640797245
"960",31,"con","mn",0.000393626718
"961",31,"con","mo",1.4814866e-05
"962",31,"con","na",0.01754945336
"963",31,"con","ni",0
"964",31,"con","pb",0
"965",31,"con","sr",0.001137073406
"966",31,"con","ti",0
"967",31,"con","v",4.5733953e-05
"968",31,"con","zn",0.01854805748
"969",31,"eco","al",0.02870012635
"970",31,"eco","as",0.000322638523
"971",31,"eco","b",0.00380569038
"972",31,"eco","ba",0.009410469501
"973",31,"eco","cd",0
"974",31,"eco","co",0.001083502123
"975",31,"eco","cr",0
"976",31,"eco","cu",0
"977",31,"eco","fe",0.009880138597
"978",31,"eco","mg",0.6096704961
"979",31,"eco","mn",0.000254447552
"980",31,"eco","mo",5.4911139e-05
"981",31,"eco","na",0.7317447608
"982",31,"eco","ni",0
"983",31,"eco","pb",0
"984",31,"eco","sr",0.04308559185
"985",31,"eco","ti",0.000937017553
"986",31,"eco","v",0.001689258557
"987",31,"eco","zn",0
"988",32,"eco","al",0.00836326342
"989",32,"eco","as",0.000458111604
"990",32,"eco","b",0.002245812815
"991",32,"eco","ba",0.009313094581
"992",32,"eco","cd",0
"993",32,"eco","co",0.002411819516
"994",32,"eco","cr",0
"995",32,"eco","cu",0
"996",32,"eco","fe",0.01068126474
"997",32,"eco","mg",0.640331913
"998",32,"eco","mn",0.000134808112
"999",32,"eco","mo",2.9230322e-05
"1000",32,"eco","na",0.7848408518
"1001",32,"eco","ni",0
"1002",32,"eco","pb",0
"1003",32,"eco","sr",0.03941429445
"1004",32,"eco","ti",0
"1005",32,"eco","v",0.001867524805
"1006",32,"eco","zn",3.0272882e-05
"1007",33,"con","al",0
"1008",33,"con","as",2.0531742e-05
"1009",33,"con","b",0
"1010",33,"con","ba",0.009566795573
"1011",33,"con","cd",0
"1012",33,"con","co",0.000144670957
"1013",33,"con","cr",7.389975e-06
"1014",33,"con","cu",0
"1015",33,"con","fe",0.001276239752
"1016",33,"con","mg",0.05095992486
"1017",33,"con","mn",0
"1018",33,"con","mo",7.7958978e-05
"1019",33,"con","na",0.3101242223
"1020",33,"con","ni",0
"1021",33,"con","no3",0
"1022",33,"con","pb",0
"1023",33,"con","po4",0
"1024",33,"con","sr",0.002433215977
"1025",33,"con","ti",0
"1026",33,"con","v",0.000101838265
"1027",33,"con","zn",0.0184166641
"1028",33,"eco","al",0.008632244779
"1029",33,"eco","as",0.000481838567
"1030",33,"eco","b",0.001326633338
"1031",33,"eco","ba",0.01096076086
"1032",33,"eco","cd",2.059448e-06
"1033",33,"eco","co",0.000232351373
"1034",33,"eco","cr",0.000376044882
"1035",33,"eco","cu",0
"1036",33,"eco","fe",0.01338721308
"1037",33,"eco","mg",0.643860623
"1038",33,"eco","mn",0.000145141556
"1039",33,"eco","mo",6.6800346e-05
"1040",33,"eco","na",0.9255485391
"1041",33,"eco","ni",0
"1042",33,"eco","no3",0
"1043",33,"eco","pb",0
"1044",33,"eco","po4",0.036592922
"1045",33,"eco","sr",0.04104682926
"1046",33,"eco","ti",0.000379465058
"1047",33,"eco","v",0.001851997563
"1048",33,"eco","zn",0
"1049",34,"con","al",0
"1050",34,"con","as",4.7334958e-05
"1051",34,"con","b",0.003059924637
"1052",34,"con","ba",0.01265797761
"1053",34,"con","cd",1.0082404e-05
"1054",34,"con","co",0.000154149551
"1055",34,"con","cr",0
"1056",34,"con","cu",0
"1057",34,"con","fe",0.000874375598
"1058",34,"con","mg",0.09282944032
"1059",34,"con","mn",0.000566759816
"1060",34,"con","mo",4.6784233e-05
"1061",34,"con","na",0.6826440157
"1062",34,"con","ni",0
"1063",34,"con","no3",0.0256658
"1064",34,"con","pb",0
"1065",34,"con","po4",0
"1066",34,"con","sr",0.00303148382
"1067",34,"con","ti",0
"1068",34,"con","v",5.6213286e-05
"1069",34,"con","zn",0.0406361184
"1070",35,"con","al",0
"1071",35,"con","as",0.000285990407
"1072",35,"con","b",0
"1073",35,"con","ba",0.006170813106
"1074",35,"con","cd",7.933606e-06
"1075",35,"con","co",8.140662e-06
"1076",35,"con","cr",0.000140505193
"1077",35,"con","cu",0
"1078",35,"con","fe",0.002722216419
"1079",35,"con","mg",0.0256989238
"1080",35,"con","mn",4.3001276e-05
"1081",35,"con","mo",0
"1082",35,"con","na",0.1706047112
"1083",35,"con","ni",0
"1084",35,"con","no3",0.0138742
"1085",35,"con","pb",0
"1086",35,"con","po4",0
"1087",35,"con","sr",0.001409764595
"1088",35,"con","ti",0
"1089",35,"con","v",4.9345255e-05
"1090",35,"con","zn",0.01433843201
"1091",35,"eco","al",0.0188979297961463
"1092",35,"eco","as",0.000381896392408434
"1093",35,"eco","b",0.00159466747475974
"1094",35,"eco","ba",0.00957636087616464
"1095",35,"eco","cd",0
"1096",35,"eco","co",0.000154417793739879
"1097",35,"eco","cr",0
"1098",35,"eco","cu",0
"1099",35,"eco","fe",0.0153151713176786
"1100",35,"eco","mg",0.53496673899644
"1101",35,"eco","mn",0
"1102",35,"eco","mo",6.572812532616e-05
"1103",35,"eco","na",1.09982158736158
"1104",35,"eco","ni",0
"1105",35,"eco","no3",0
"1106",35,"eco","pb",0
"1107",35,"eco","po4",0.0730424634052071
"1108",35,"eco","sr",0.0371134967684986
"1109",35,"eco","ti",8.56498685607826e-05
"1110",35,"eco","v",0.00188672679194527
"1111",35,"eco","zn",0
"1112",36,"con","al",0
"1113",36,"con","as",2.3240529e-05
"1114",36,"con","b",0.001159163934
"1115",36,"con","ba",0.007723582506
"1116",36,"con","cd",0
"1117",36,"con","co",0
"1118",36,"con","cr",0
"1119",36,"con","cu",0
"1120",36,"con","fe",0.001286922707
"1121",36,"con","mg",0.03463917837
"1122",36,"con","mn",0
"1123",36,"con","mo",3.3106751e-05
"1124",36,"con","na",0.07852943747
"1125",36,"con","ni",0
"1126",36,"con","pb",0
"1127",36,"con","sr",0.000203245155
"1128",36,"con","ti",0
"1129",36,"con","v",5.8924897e-05
"1130",36,"con","zn",0
"1131",38,"eco","al",0.03103310028
"1132",38,"eco","as",0.000439338945
"1133",38,"eco","b",0.003857754709
"1134",38,"eco","ba",0.007693356415
"1135",38,"eco","cd",0
"1136",38,"eco","co",5.326419e-06
"1137",38,"eco","cr",0.000173973303
"1138",38,"eco","cu",0
"1139",38,"eco","fe",0.01595466392
"1140",38,"eco","mg",0.4335305354
"1141",38,"eco","mn",0.000172019619
"1142",38,"eco","mo",0.000108387297
"1143",38,"eco","na",0.9376575601
"1144",38,"eco","ni",0
"1145",38,"eco","pb",0
"1146",38,"eco","sr",0.02961129012
"1147",38,"eco","ti",0.000736601722
"1148",38,"eco","v",0.002609213207
"1149",38,"eco","zn",0
"1150",42,"con","al",0
"1151",42,"con","as",0
"1152",42,"con","b",0
"1153",42,"con","ba",0.00383910292509592
"1154",42,"con","cd",0
"1155",42,"con","co",0
"1156",42,"con","cr",0
"1157",42,"con","cu",0.000188632888139631
"1158",42,"con","fe",0
"1159",42,"con","mg",0.0256728684469511
"1160",42,"con","mn",0
"1161",42,"con","mo",0
"1162",42,"con","na",0.131534491047106
"1163",42,"con","ni",0.000649676626729847
"1164",42,"con","no3",0
"1165",42,"con","pb",0
"1166",42,"con","po4",0.0040326353791336
"1167",42,"con","sr",0.00197401922888766
"1168",42,"con","ti",0
"1169",42,"con","v",0
"1170",42,"con","zn",0.0325197374450005
"1171",42,"eco","al",0.0291128996230376
"1172",42,"eco","as",0.000718568907604921
"1173",42,"eco","b",0.00490174878007636
"1174",42,"eco","ba",0.00935458976807936
"1175",42,"eco","cd",0
"1176",42,"eco","co",0.000161618722423738
"1177",42,"eco","cr",0
"1178",42,"eco","cu",0
"1179",42,"eco","fe",0.0285399666133816
"1180",42,"eco","mg",0.47718628064509
"1181",42,"eco","mn",0
"1182",42,"eco","mo",0
"1183",42,"eco","na",1.07455984629834
"1184",42,"eco","ni",0
"1185",42,"eco","no3",0
"1186",42,"eco","pb",0
"1187",42,"eco","po4",0.153452684762221
"1188",42,"eco","sr",0.036671877690737
"1189",42,"eco","ti",0.00194514996327715
"1190",42,"eco","v",0.00214456780341876
"1191",42,"eco","zn",0
"1192",43,"con","al",0
"1193",43,"con","as",6.7057232e-05
"1194",43,"con","b",0
"1195",43,"con","ba",0.008990181642
"1196",43,"con","cd",0
"1197",43,"con","co",0
"1198",43,"con","cr",0
"1199",43,"con","cu",0
"1200",43,"con","fe",0
"1201",43,"con","mg",0.01807823241
"1202",43,"con","mn",0
"1203",43,"con","mo",4.7151053e-05
"1204",43,"con","na",0
"1205",43,"con","ni",0
"1206",43,"con","pb",0
"1207",43,"con","sr",0.000327691898
"1208",43,"con","ti",0.00029464177
"1209",43,"con","v",0
"1210",43,"con","zn",0
"1211",43,"eco","al",0.0259647852576321
"1212",43,"eco","as",0.000447597247926286
"1213",43,"eco","b",0.0047984428983917
"1214",43,"eco","ba",0.01181902021683
"1215",43,"eco","cd",0
"1216",43,"eco","co",0.000112592173700644
"1217",43,"eco","cr",0
"1218",43,"eco","cu",0
"1219",43,"eco","fe",0.0273958686445042
"1220",43,"eco","mg",0.574500811297804
"1221",43,"eco","mn",0
"1222",43,"eco","mo",0
"1223",43,"eco","na",1.2137152236505
"1224",43,"eco","ni",0
"1225",43,"eco","no3",0
"1226",43,"eco","pb",0
"1227",43,"eco","po4",0.050757000121949
"1228",43,"eco","sr",0.0417254220682297
"1229",43,"eco","ti",0.00196859666853654
"1230",43,"eco","v",0.00246230590173741
"1231",43,"eco","zn",0
"1232",44,"con","al",0
"1233",44,"con","as",0.000139993342
"1234",44,"con","b",0.000721781758
"1235",44,"con","ba",0.01160654854
"1236",44,"con","cd",2.2247953e-05
"1237",44,"con","co",0.000244434564
"1238",44,"con","cr",0
"1239",44,"con","cu",0
"1240",44,"con","fe",0.004177570377
"1241",44,"con","mg",0.1056932218
"1242",44,"con","mn",0.001777863585
"1243",44,"con","mo",8.3687757e-05
"1244",44,"con","na",0.3832579026
"1245",44,"con","ni",0
"1246",44,"con","no3",0.218758
"1247",44,"con","pb",0
"1248",44,"con","po4",0.027975635
"1249",44,"con","sr",0.003480998552
"1250",44,"con","ti",0
"1251",44,"con","v",0.000183449913
"1252",44,"con","zn",0.04714225345
"1253",45,"con","al",0
"1254",45,"con","as",0
"1255",45,"con","b",0.000215268852
"1256",45,"con","ba",0.01936837809
"1257",45,"con","cd",2.7739072e-05
"1258",45,"con","co",5.3954726e-05
"1259",45,"con","cr",0
"1260",45,"con","cu",0
"1261",45,"con","fe",0
"1262",45,"con","mg",0.1024796512
"1263",45,"con","mn",0
"1264",45,"con","mo",3.7761058e-05
"1265",45,"con","na",0.06862734439
"1266",45,"con","ni",0
"1267",45,"con","no3",0.5930836
"1268",45,"con","pb",0
"1269",45,"con","po4",0
"1270",45,"con","sr",0.004919312118
"1271",45,"con","ti",0.000460392758
"1272",45,"con","v",0.000180357445
"1273",45,"con","zn",0.1563697194
"1274",45,"eco","al",0.03731807494
"1275",45,"eco","as",0.000451330744
"1276",45,"eco","b",0.003347108771
"1277",45,"eco","ba",0.009446545577
"1278",45,"eco","cd",0
"1279",45,"eco","co",0.000114666401
"1280",45,"eco","cr",0
"1281",45,"eco","cu",0
"1282",45,"eco","fe",0.02616398403
"1283",45,"eco","mg",0.5514302509
"1284",45,"eco","mn",0
"1285",45,"eco","mo",6.38009e-06
"1286",45,"eco","na",1.015238336
"1287",45,"eco","ni",0
"1288",45,"eco","no3",0
"1289",45,"eco","pb",0
"1290",45,"eco","po4",0.03742847
"1291",45,"eco","sr",0.0397447927
"1292",45,"eco","ti",0.003203365098
"1293",45,"eco","v",0.002499394419
"1294",45,"eco","zn",0.0186971089
"1295",46,"con","al",0
"1296",46,"con","as",0.000387444105563533
"1297",46,"con","b",0.00303434397530606
"1298",46,"con","ba",0.0763116808923082
"1299",46,"con","cd",7.26045860676967e-05
"1300",46,"con","co",0.000905961333638349
"1301",46,"con","cr",0
"1302",46,"con","cu",0
"1303",46,"con","fe",0.0326068274863288
"1304",46,"con","mg",0.407938271375223
"1305",46,"con","mn",0.0592636725205431
"1306",46,"con","mo",0.000468275606753481
"1307",46,"con","na",0.768618044923164
"1308",46,"con","ni",0
"1309",46,"con","no3",0
"1310",46,"con","pb",0
"1311",46,"con","po4",0
"1312",46,"con","sr",0.0177445544318189
"1313",46,"con","ti",0
"1314",46,"con","v",0.000557182810118406
"1315",46,"con","zn",0.248486140927115
"1316",47,"con","al",0
"1317",47,"con","as",0
"1318",47,"con","b",0
"1319",47,"con","ba",0.0328677003548765
"1320",47,"con","cd",0
"1321",47,"con","co",0.000272015050575512
"1322",47,"con","cr",0
"1323",47,"con","cu",0
"1324",47,"con","fe",0
"1325",47,"con","mg",0.101873621506379
"1326",47,"con","mn",0.0200509343673768
"1327",47,"con","mo",0.000226075336073444
"1328",47,"con","na",0.302381941404234
"1329",47,"con","ni",0
"1330",47,"con","no3",0.0032372
"1331",47,"con","pb",0
"1332",47,"con","po4",0
"1333",47,"con","sr",0.00609635067587586
"1334",47,"con","ti",0
"1335",47,"con","v",0.000251224834819963
"1336",47,"con","zn",0.0899159998995123
"1337",47,"eco","al",0.001721981743
"1338",47,"eco","as",0.000603199361
"1339",47,"eco","b",0.004221501154
"1340",47,"eco","ba",0.01083402021
"1341",47,"eco","cd",0
"1342",47,"eco","co",0
"1343",47,"eco","cr",0
"1344",47,"eco","cu",0
"1345",47,"eco","fe",0
"1346",47,"eco","mg",0.21506032
"1347",47,"eco","mn",0.009693034735
"1348",47,"eco","mo",7.8500637e-05
"1349",47,"eco","na",1.987622036
"1350",47,"eco","ni",0
"1351",47,"eco","no3",0.2099928
"1352",47,"eco","pb",0
"1353",47,"eco","po4",0.023004144
"1354",47,"eco","sr",0.05010287347
"1355",47,"eco","ti",0
"1356",47,"eco","v",0.001651210667
"1357",47,"eco","zn",0.8814934459
"1358",48,"con","al",0
"1359",48,"con","as",9.06681356846645e-05
"1360",48,"con","b",0
"1361",48,"con","ba",0.0084551279722117
"1362",48,"con","cd",0
"1363",48,"con","co",0
"1364",48,"con","cr",0
"1365",48,"con","cu",0
"1366",48,"con","fe",0
"1367",48,"con","mg",0.0195476828653884
"1368",48,"con","mn",0
"1369",48,"con","mo",0
"1370",48,"con","na",0
"1371",48,"con","ni",0
"1372",48,"con","no3",0
"1373",48,"con","pb",0
"1374",48,"con","po4",0
"1375",48,"con","sr",0.00126547999071969
"1376",48,"con","ti",0
"1377",48,"con","v",0.000158313681335197
"1378",48,"con","zn",0
"1379",48,"eco","al",0.0715234601787065
"1380",48,"eco","as",0.000844517849083102
"1381",48,"eco","b",0.00479367811280807
"1382",48,"eco","ba",0.0193407619589943
"1383",48,"eco","cd",0
"1384",48,"eco","co",0.00023457201850371
"1385",48,"eco","cr",0
"1386",48,"eco","cu",0
"1387",48,"eco","fe",0.0548273251765752
"1388",48,"eco","mg",0.628406163600869
"1389",48,"eco","mn",0.00525484647222603
"1390",48,"eco","mo",0.000381153047035761
"1391",48,"eco","na",2.83415223138771
"1392",48,"eco","ni",0
"1393",48,"eco","no3",0.736515462597419
"1394",48,"eco","pb",0
"1395",48,"eco","po4",0.153335074382068
"1396",48,"eco","sr",0.0357035140942815
"1397",48,"eco","ti",0.00345921395256099
"1398",48,"eco","v",0.00321655667473722
"1399",48,"eco","zn",0
"1400",50,"con","al",0
"1401",50,"con","as",3.19748389320724e-05
"1402",50,"con","b",0
"1403",50,"con","ba",0.00727273606584226
"1404",50,"con","cd",0
"1405",50,"con","co",0
"1406",50,"con","cr",0
"1407",50,"con","cu",0
"1408",50,"con","fe",0
"1409",50,"con","mg",0.0106590185724154
"1410",50,"con","mn",0
"1411",50,"con","mo",0
"1412",50,"con","na",0
"1413",50,"con","ni",0
"1414",50,"con","no3",0
"1415",50,"con","pb",0
"1416",50,"con","po4",0
"1417",50,"con","sr",0
"1418",50,"con","ti",0
"1419",50,"con","v",0
"1420",50,"con","zn",0
"1421",50,"eco","al",0
"1422",50,"eco","as",0.000917282671
"1423",50,"eco","b",0.004571193511
"1424",50,"eco","ba",0.01151558702
"1425",50,"eco","cd",0
"1426",50,"eco","co",0
"1427",50,"eco","cr",0
"1428",50,"eco","cu",0
"1429",50,"eco","fe",0.04200407006
"1430",50,"eco","mg",0.431605393
"1431",50,"eco","mn",0
"1432",50,"eco","mo",0.000175466851
"1433",50,"eco","na",2.417420858
"1434",50,"eco","ni",0
"1435",50,"eco","no3",0.0509302
"1436",50,"eco","pb",0
"1437",50,"eco","po4",0.013118464
"1438",50,"eco","sr",0.03009326449
"1439",50,"eco","ti",0.004031344882
"1440",50,"eco","v",0.002719667338
"1441",50,"eco","zn",0
